"","machine_learning_model","feature_set","FLUXNET_site_id","climate","IGBF","MAE_mm","R2","mean_bias_error_mm","mean_AET_observation_mm"
"1","extra_trees","{air_temp, atm_pressure, rel_humidity, soil_moisture, incoming_radiaiton}","AU-ASM","Arid","Savanna",0.570164461927062,0.711260172248088,0.182281822275358,0.977104218366496
"2","extra_trees","{air_temp, atm_pressure, rel_humidity, soil_moisture, incoming_radiaiton}","AU-Lox","Arid","Forest",3.7125119006564,0.460068666515664,-3.62899321122628,5.66391095670895
"3","extra_trees","{air_temp, atm_pressure, rel_humidity, soil_moisture, incoming_radiaiton}","AU-RDF","Equatorial","Savanna",0.977416790976059,0.428819823952212,0.0104442445959331,1.96860317649799
"4","extra_trees","{air_temp, atm_pressure, rel_humidity, soil_moisture, incoming_radiaiton}","AU-TTE","Arid","Grasslands",0.521247475547975,0.528235396460379,0.151267732396441,0.661566096736985
"5","extra_trees","{air_temp, atm_pressure, rel_humidity, soil_moisture, incoming_radiaiton}","AU-Wac","Temperate","Forest",0.7970745226782,0.446082692582469,-0.604674122047516,1.98473624014452
"6","extra_trees","{air_temp, atm_pressure, rel_humidity, soil_moisture, incoming_radiaiton}","AU-Wom","Temperate","Forest",0.759090599200057,0.607064706556544,-0.504197337114398,2.45637833203942
"7","extra_trees","{air_temp, atm_pressure, rel_humidity, soil_moisture, incoming_radiaiton}","BE-Lon","Temperate","Cropland",0.522598418519614,0.760461838822797,0.097319684541373,1.36324774662484
"8","extra_trees","{air_temp, atm_pressure, rel_humidity, soil_moisture, incoming_radiaiton}","CA-Qfo","Cold","Forest",0.286431314343869,0.829475789823208,-0.00277520549288981,1.00823975798328
"9","extra_trees","{air_temp, atm_pressure, rel_humidity, soil_moisture, incoming_radiaiton}","CA-SF3","Cold","Shrubland",0.322953799331887,0.799392050781806,-0.0298859776411536,1.00289121884882
"10","extra_trees","{air_temp, atm_pressure, rel_humidity, soil_moisture, incoming_radiaiton}","CH-Cha","Temperate","Grasslands",0.761090919457745,0.836231396832452,-0.704593552132538,2.03058468772694
"11","extra_trees","{air_temp, atm_pressure, rel_humidity, soil_moisture, incoming_radiaiton}","CN-Cng","Cold","Grasslands",0.617760874257051,0.727942961404468,-0.187846259911275,1.86852355816417
"12","extra_trees","{air_temp, atm_pressure, rel_humidity, soil_moisture, incoming_radiaiton}","DE-Gri","Temperate","Grasslands",0.436974304341462,0.925800315345439,-0.232719208331998,1.67317391319268
"13","extra_trees","{air_temp, atm_pressure, rel_humidity, soil_moisture, incoming_radiaiton}","ES-Amo","Arid","Shrubland",1.55146847924465,0.0160783984136942,1.53030922152777,0.599181541934393
"14","extra_trees","{air_temp, atm_pressure, rel_humidity, soil_moisture, incoming_radiaiton}","FI-Hyy","Cold","Forest",0.372048550730662,0.859527312684181,-0.128909042992305,1.39973447504881
"15","extra_trees","{air_temp, atm_pressure, rel_humidity, soil_moisture, incoming_radiaiton}","FR-Gri","Temperate","Cropland",0.70949303420283,0.652018764158147,-0.442625626602246,1.96235598624734
"16","extra_trees","{air_temp, atm_pressure, rel_humidity, soil_moisture, incoming_radiaiton}","FR-LBr","Temperate","Forest",0.567699497406838,0.664950109830393,-0.196120481900016,1.91253068374344
"17","extra_trees","{air_temp, atm_pressure, rel_humidity, soil_moisture, incoming_radiaiton}","IT-CA1","Temperate","Forest",0.764608248354198,0.546236805725803,0.447768655097478,2.102900013934
"18","extra_trees","{air_temp, atm_pressure, rel_humidity, soil_moisture, incoming_radiaiton}","IT-SR2","Temperate","Forest",0.713122716812858,0.674482970490589,-0.110284772940428,1.98649337907342
"19","extra_trees","{air_temp, atm_pressure, rel_humidity, soil_moisture, incoming_radiaiton}","RU-Ha1","Cold","Grasslands",0.339703447684346,0.882574884951589,-0.12468339148502,1.74409289973497
"20","extra_trees","{air_temp, atm_pressure, rel_humidity, soil_moisture, incoming_radiaiton}","US-ARb","Temperate","Grasslands",0.941903550909364,0.720755980129682,0.38697204347764,1.85875801538339
"21","extra_trees","{air_temp, atm_pressure, rel_humidity, soil_moisture, incoming_radiaiton}","US-ARc","Temperate","Grasslands",1.01073104970124,0.639936596184646,0.0763260783391278,2.23411820789745
"22","extra_trees","{air_temp, atm_pressure, rel_humidity, soil_moisture, incoming_radiaiton}","US-Blo","Temperate","Forest",0.810712578474494,0.747464722266195,-0.576915888986792,2.83608497018655
"23","extra_trees","{air_temp, atm_pressure, rel_humidity, soil_moisture, incoming_radiaiton}","US-Lin","Arid","Cropland",0.589826586282954,0.581522342401553,0.410432819741822,1.79534947158349
"24","extra_trees","{air_temp, atm_pressure, rel_humidity, soil_moisture, incoming_radiaiton}","US-LWW","Temperate","Grasslands",0.908664070751419,0.671661004317826,0.850712995406423,1.29986527309634
"25","extra_trees","{air_temp, atm_pressure, rel_humidity, soil_moisture, incoming_radiaiton}","US-Oho","Cold","Forest",1.06684643614119,0.620412390596616,-0.476597078996416,1.82958744907314
"26","extra_trees","{air_temp, atm_pressure, rel_humidity, soil_moisture, incoming_radiaiton}","US-WCr","Cold","Forest",0.687010584041953,0.755627915824819,0.126991886330527,1.46453035818238
"27","extra_trees","{air_temp, atm_pressure, rel_humidity, soil_moisture, incoming_radiaiton}","ZM-Mon","Equatorial","Forest",0.816370879392609,0.57794683905908,-0.676757647423725,2.51205219177693
"28","extra_trees","{air_temp, atm_pressure, rel_humidity, incoming_radiaiton}","AU-ASM","Arid","Savanna",0.737634283086182,0.575576817759584,0.436533796888166,0.977104218366496
"29","extra_trees","{air_temp, atm_pressure, rel_humidity, incoming_radiaiton}","AU-Lox","Arid","Forest",3.81221883854991,0.182207301121675,-3.71477118461234,5.66391095670895
"30","extra_trees","{air_temp, atm_pressure, rel_humidity, incoming_radiaiton}","AU-RDF","Equatorial","Savanna",1.02330480379008,0.537444652890917,0.328402860014941,1.96860317649799
"31","extra_trees","{air_temp, atm_pressure, rel_humidity, incoming_radiaiton}","AU-TTE","Arid","Grasslands",0.733835983596174,0.417539025659337,0.480383894276483,0.661566096736985
"32","extra_trees","{air_temp, atm_pressure, rel_humidity, incoming_radiaiton}","AU-Wac","Temperate","Forest",0.86136250028579,0.3417088331746,-0.671504580241929,1.98473624014452
"33","extra_trees","{air_temp, atm_pressure, rel_humidity, incoming_radiaiton}","AU-Wom","Temperate","Forest",0.797794151413778,0.523066407390415,-0.509301122195026,2.45637833203942
"34","extra_trees","{air_temp, atm_pressure, rel_humidity, incoming_radiaiton}","BE-Lon","Temperate","Cropland",0.575287953793965,0.733555402165352,0.0748032115984471,1.36324774662484
"35","extra_trees","{air_temp, atm_pressure, rel_humidity, incoming_radiaiton}","CA-Qfo","Cold","Forest",0.293568811842122,0.8213405760524,-0.0216902817742479,1.00823975798328
"36","extra_trees","{air_temp, atm_pressure, rel_humidity, incoming_radiaiton}","CA-SF3","Cold","Shrubland",0.319942316481862,0.801759741289011,-0.0543129764751926,1.00289121884882
"37","extra_trees","{air_temp, atm_pressure, rel_humidity, incoming_radiaiton}","CH-Cha","Temperate","Grasslands",0.729926157882659,0.830260229703383,-0.66186505223773,2.03058468772694
"38","extra_trees","{air_temp, atm_pressure, rel_humidity, incoming_radiaiton}","CN-Cng","Cold","Grasslands",0.752611158817612,0.722569708190095,-0.566693369518184,1.86852355816417
"39","extra_trees","{air_temp, atm_pressure, rel_humidity, incoming_radiaiton}","DE-Gri","Temperate","Grasslands",0.520972239861415,0.894369224200034,-0.266400583427197,1.67317391319268
"40","extra_trees","{air_temp, atm_pressure, rel_humidity, incoming_radiaiton}","ES-Amo","Arid","Shrubland",1.57059245013558,0.0326181940254948,1.53324126415435,0.599181541934393
"41","extra_trees","{air_temp, atm_pressure, rel_humidity, incoming_radiaiton}","FI-Hyy","Cold","Forest",0.432523588003181,0.831875827350415,-0.241177596213118,1.39973447504881
"42","extra_trees","{air_temp, atm_pressure, rel_humidity, incoming_radiaiton}","FR-Gri","Temperate","Cropland",0.744692494474373,0.652039024434832,-0.54862248680153,1.96235598624734
"43","extra_trees","{air_temp, atm_pressure, rel_humidity, incoming_radiaiton}","FR-LBr","Temperate","Forest",0.619385928624794,0.631107435583928,-0.313841651834179,1.91253068374344
"44","extra_trees","{air_temp, atm_pressure, rel_humidity, incoming_radiaiton}","IT-CA1","Temperate","Forest",0.751154650066549,0.396118985227108,-0.0983265711964888,2.102900013934
"45","extra_trees","{air_temp, atm_pressure, rel_humidity, incoming_radiaiton}","IT-SR2","Temperate","Forest",0.725681595264326,0.712024997464161,-0.0924282156941275,1.98649337907342
"46","extra_trees","{air_temp, atm_pressure, rel_humidity, incoming_radiaiton}","RU-Ha1","Cold","Grasslands",0.370219406813163,0.867164036824341,-0.21058750259989,1.74409289973497
"47","extra_trees","{air_temp, atm_pressure, rel_humidity, incoming_radiaiton}","US-ARb","Temperate","Grasslands",0.943399177520249,0.679825241649964,0.204378422403788,1.85875801538339
"48","extra_trees","{air_temp, atm_pressure, rel_humidity, incoming_radiaiton}","US-ARc","Temperate","Grasslands",0.999478305415012,0.635261822251436,-0.000809499519466452,2.23411820789745
"49","extra_trees","{air_temp, atm_pressure, rel_humidity, incoming_radiaiton}","US-Blo","Temperate","Forest",1.04603873228866,0.610037261807661,-0.834569455653777,2.83608497018655
"50","extra_trees","{air_temp, atm_pressure, rel_humidity, incoming_radiaiton}","US-Lin","Arid","Cropland",0.739591826948945,0.185067007148643,-0.131124494034872,1.79534947158349
"51","extra_trees","{air_temp, atm_pressure, rel_humidity, incoming_radiaiton}","US-LWW","Temperate","Grasslands",0.847555539625301,0.672963584529493,0.777607411917574,1.29986527309634
"52","extra_trees","{air_temp, atm_pressure, rel_humidity, incoming_radiaiton}","US-Oho","Cold","Forest",1.08416170032495,0.640165742936778,-0.587394379440848,1.82958744907314
"53","extra_trees","{air_temp, atm_pressure, rel_humidity, incoming_radiaiton}","US-WCr","Cold","Forest",0.686199371434285,0.755997680645905,0.0928736869777829,1.46453035818238
"54","extra_trees","{air_temp, atm_pressure, rel_humidity, incoming_radiaiton}","ZM-Mon","Equatorial","Forest",0.590026712146159,0.598067002652187,-0.172878635727595,2.51205219177693
"55","extra_trees","{air_temp, atm_pressure, rel_humidity}","AU-ASM","Arid","Savanna",0.907716395902501,0.372839338666091,0.578409833543115,0.977104218366496
"56","extra_trees","{air_temp, atm_pressure, rel_humidity}","AU-Lox","Arid","Forest",4.01154569945509,0.00426831401641369,-3.70978342891455,5.66391095670895
"57","extra_trees","{air_temp, atm_pressure, rel_humidity}","AU-RDF","Equatorial","Savanna",1.20610991495631,0.384448388989637,0.449542852557903,1.96860317649799
"58","extra_trees","{air_temp, atm_pressure, rel_humidity}","AU-TTE","Arid","Grasslands",0.974967285810084,0.20482300878469,0.71210033258513,0.661566096736985
"59","extra_trees","{air_temp, atm_pressure, rel_humidity}","AU-Wac","Temperate","Forest",0.794663087781166,0.366171561117054,-0.584692610923185,1.98473624014452
"60","extra_trees","{air_temp, atm_pressure, rel_humidity}","AU-Wom","Temperate","Forest",1.00194490289735,0.401085235086273,-0.787080223000439,2.45637833203942
"61","extra_trees","{air_temp, atm_pressure, rel_humidity}","BE-Lon","Temperate","Cropland",0.798019262552315,0.495717183758287,0.075653442967195,1.36324774662484
"62","extra_trees","{air_temp, atm_pressure, rel_humidity}","CA-Qfo","Cold","Forest",0.361910005534435,0.728242464643348,-0.0330627782127258,1.00823975798328
"63","extra_trees","{air_temp, atm_pressure, rel_humidity}","CA-SF3","Cold","Shrubland",0.407552208727091,0.708257302166449,-0.0241585781814335,1.00289121884882
"64","extra_trees","{air_temp, atm_pressure, rel_humidity}","CH-Cha","Temperate","Grasslands",0.967410211246473,0.746476928693921,-0.893673641149885,2.03058468772694
"65","extra_trees","{air_temp, atm_pressure, rel_humidity}","CN-Cng","Cold","Grasslands",0.868916069452673,0.558650283914221,-0.455961604087015,1.86852355816417
"66","extra_trees","{air_temp, atm_pressure, rel_humidity}","DE-Gri","Temperate","Grasslands",0.775753967354644,0.719918550637384,-0.273752748120006,1.67317391319268
"67","extra_trees","{air_temp, atm_pressure, rel_humidity}","ES-Amo","Arid","Shrubland",1.64046654556598,0.0877257058249443,1.6276443301075,0.599181541934393
"68","extra_trees","{air_temp, atm_pressure, rel_humidity}","FI-Hyy","Cold","Forest",0.586836745620467,0.684004849174112,-0.237662375063405,1.39973447504881
"69","extra_trees","{air_temp, atm_pressure, rel_humidity}","FR-Gri","Temperate","Cropland",0.874242262675827,0.345332746601642,-0.483895815538384,1.96235598624734
"70","extra_trees","{air_temp, atm_pressure, rel_humidity}","FR-LBr","Temperate","Forest",0.763358838289195,0.402762763778514,-0.279987677059148,1.91253068374344
"71","extra_trees","{air_temp, atm_pressure, rel_humidity}","IT-CA1","Temperate","Forest",0.925432021793761,0.2101799062263,-0.0693359139435718,2.102900013934
"72","extra_trees","{air_temp, atm_pressure, rel_humidity}","IT-SR2","Temperate","Forest",0.90984175468179,0.59239552511925,-0.0481923130689035,1.98649337907342
"73","extra_trees","{air_temp, atm_pressure, rel_humidity}","RU-Ha1","Cold","Grasslands",0.515950004107019,0.732488944235277,-0.0854238707765908,1.74409289973497
"74","extra_trees","{air_temp, atm_pressure, rel_humidity}","US-ARb","Temperate","Grasslands",1.22618057245466,0.458538868607578,0.286526513263823,1.85875801538339
"75","extra_trees","{air_temp, atm_pressure, rel_humidity}","US-ARc","Temperate","Grasslands",1.20042833766881,0.475542602058478,-0.0531222666770808,2.23411820789745
"76","extra_trees","{air_temp, atm_pressure, rel_humidity}","US-Blo","Temperate","Forest",1.39483732588554,0.320980334234415,-1.10829460177269,2.83608497018655
"77","extra_trees","{air_temp, atm_pressure, rel_humidity}","US-Lin","Arid","Cropland",0.78866775833941,0.117410629140933,-0.138137111346676,1.79534947158349
"78","extra_trees","{air_temp, atm_pressure, rel_humidity}","US-LWW","Temperate","Grasslands",0.946637995959816,0.458062053026518,0.818982807785676,1.29986527309634
"79","extra_trees","{air_temp, atm_pressure, rel_humidity}","US-Oho","Cold","Forest",1.08906036520232,0.637877988614972,-0.532026529965591,1.82958744907314
"80","extra_trees","{air_temp, atm_pressure, rel_humidity}","US-WCr","Cold","Forest",0.823508589235569,0.626282459774998,-0.161294826861315,1.46453035818238
"81","extra_trees","{air_temp, atm_pressure, rel_humidity}","ZM-Mon","Equatorial","Forest",0.807076443986202,0.300056822582454,-0.131341352315195,2.51205219177693
"82","k_nearest_neighbor","{air_temp, atm_pressure, rel_humidity, soil_moisture, incoming_radiaiton}","AU-ASM","Arid","Savanna",0.588791677076063,0.655291563019383,0.199289626752127,0.977104218366496
"83","k_nearest_neighbor","{air_temp, atm_pressure, rel_humidity, soil_moisture, incoming_radiaiton}","AU-Lox","Arid","Forest",4.04893155565687,0.194358000321092,-3.98349826352478,5.66391095670895
"84","k_nearest_neighbor","{air_temp, atm_pressure, rel_humidity, soil_moisture, incoming_radiaiton}","AU-RDF","Equatorial","Savanna",1.03996199147647,0.512743985961827,0.319352097931116,1.96860317649799
"85","k_nearest_neighbor","{air_temp, atm_pressure, rel_humidity, soil_moisture, incoming_radiaiton}","AU-TTE","Arid","Grasslands",0.605254375531544,0.444676943825955,0.275113034276722,0.661566096736985
"86","k_nearest_neighbor","{air_temp, atm_pressure, rel_humidity, soil_moisture, incoming_radiaiton}","AU-Wac","Temperate","Forest",0.808654715508377,0.448810918070814,-0.643400106345143,1.98473624014452
"87","k_nearest_neighbor","{air_temp, atm_pressure, rel_humidity, soil_moisture, incoming_radiaiton}","AU-Wom","Temperate","Forest",0.812837209430378,0.581581629815946,-0.605732523141797,2.45637833203942
"88","k_nearest_neighbor","{air_temp, atm_pressure, rel_humidity, soil_moisture, incoming_radiaiton}","BE-Lon","Temperate","Cropland",0.510720646959695,0.758817207668962,0.0768102523929327,1.36324774662484
"89","k_nearest_neighbor","{air_temp, atm_pressure, rel_humidity, soil_moisture, incoming_radiaiton}","CA-Qfo","Cold","Forest",0.299687414753886,0.811933507521068,-0.0351206352424515,1.00823975798328
"90","k_nearest_neighbor","{air_temp, atm_pressure, rel_humidity, soil_moisture, incoming_radiaiton}","CA-SF3","Cold","Shrubland",0.342923201807724,0.771145573996821,-0.0362920227516739,1.00289121884882
"91","k_nearest_neighbor","{air_temp, atm_pressure, rel_humidity, soil_moisture, incoming_radiaiton}","CH-Cha","Temperate","Grasslands",0.735715358500872,0.836568465947378,-0.670421538074449,2.03058468772694
"92","k_nearest_neighbor","{air_temp, atm_pressure, rel_humidity, soil_moisture, incoming_radiaiton}","CN-Cng","Cold","Grasslands",0.598013730538838,0.735708342582734,-0.0794935931005163,1.86852355816417
"93","k_nearest_neighbor","{air_temp, atm_pressure, rel_humidity, soil_moisture, incoming_radiaiton}","DE-Gri","Temperate","Grasslands",0.406073387502848,0.925382615401892,-0.203719188543168,1.67317391319268
"94","k_nearest_neighbor","{air_temp, atm_pressure, rel_humidity, soil_moisture, incoming_radiaiton}","ES-Amo","Arid","Shrubland",1.51950779824263,0.00811197994715072,1.49737610628229,0.599181541934393
"95","k_nearest_neighbor","{air_temp, atm_pressure, rel_humidity, soil_moisture, incoming_radiaiton}","FI-Hyy","Cold","Forest",0.397399097972434,0.844311626847078,-0.179773507676129,1.39973447504881
"96","k_nearest_neighbor","{air_temp, atm_pressure, rel_humidity, soil_moisture, incoming_radiaiton}","FR-Gri","Temperate","Cropland",0.730791910199537,0.627609917284337,-0.441481699473679,1.96235598624734
"97","k_nearest_neighbor","{air_temp, atm_pressure, rel_humidity, soil_moisture, incoming_radiaiton}","FR-LBr","Temperate","Forest",0.56874655719899,0.663132520776468,-0.178935341945901,1.91253068374344
"98","k_nearest_neighbor","{air_temp, atm_pressure, rel_humidity, soil_moisture, incoming_radiaiton}","IT-CA1","Temperate","Forest",0.808165880350857,0.552408429545802,0.515617408825504,2.102900013934
"99","k_nearest_neighbor","{air_temp, atm_pressure, rel_humidity, soil_moisture, incoming_radiaiton}","IT-SR2","Temperate","Forest",0.65083714205943,0.718988321748165,0.084358926468786,1.98649337907342
"100","k_nearest_neighbor","{air_temp, atm_pressure, rel_humidity, soil_moisture, incoming_radiaiton}","RU-Ha1","Cold","Grasslands",0.326219894234534,0.89135807559642,-0.0739375277093975,1.74409289973497
"101","k_nearest_neighbor","{air_temp, atm_pressure, rel_humidity, soil_moisture, incoming_radiaiton}","US-ARb","Temperate","Grasslands",0.947768917497772,0.682048687375309,0.425321906516566,1.85875801538339
"102","k_nearest_neighbor","{air_temp, atm_pressure, rel_humidity, soil_moisture, incoming_radiaiton}","US-ARc","Temperate","Grasslands",0.971707436325168,0.626381531463319,0.0931002358573976,2.23411820789745
"103","k_nearest_neighbor","{air_temp, atm_pressure, rel_humidity, soil_moisture, incoming_radiaiton}","US-Blo","Temperate","Forest",1.01711744790818,0.609559038840318,-0.800032821487911,2.83608497018655
"104","k_nearest_neighbor","{air_temp, atm_pressure, rel_humidity, soil_moisture, incoming_radiaiton}","US-Lin","Arid","Cropland",0.613583238955593,0.545533626365645,0.343334225920583,1.79534947158349
"105","k_nearest_neighbor","{air_temp, atm_pressure, rel_humidity, soil_moisture, incoming_radiaiton}","US-LWW","Temperate","Grasslands",0.991089546415724,0.676850593286629,0.930188215492363,1.29986527309634
"106","k_nearest_neighbor","{air_temp, atm_pressure, rel_humidity, soil_moisture, incoming_radiaiton}","US-Oho","Cold","Forest",1.06138898267769,0.630882402221358,-0.507690345825748,1.82958744907314
"107","k_nearest_neighbor","{air_temp, atm_pressure, rel_humidity, soil_moisture, incoming_radiaiton}","US-WCr","Cold","Forest",0.708954555471197,0.727203559609638,0.123388540031241,1.46453035818238
"108","k_nearest_neighbor","{air_temp, atm_pressure, rel_humidity, soil_moisture, incoming_radiaiton}","ZM-Mon","Equatorial","Forest",0.759987961117466,0.593977592176653,-0.592902934568346,2.51205219177693
"109","k_nearest_neighbor","{air_temp, atm_pressure, rel_humidity, incoming_radiaiton}","AU-ASM","Arid","Savanna",0.68790127256431,0.571915153613832,0.339034853327069,0.977104218366496
"110","k_nearest_neighbor","{air_temp, atm_pressure, rel_humidity, incoming_radiaiton}","AU-Lox","Arid","Forest",4.0124411804634,0.071174334252434,-3.92801830687674,5.66391095670895
"111","k_nearest_neighbor","{air_temp, atm_pressure, rel_humidity, incoming_radiaiton}","AU-RDF","Equatorial","Savanna",1.09824006690127,0.5123887730934,0.480486548083766,1.96860317649799
"112","k_nearest_neighbor","{air_temp, atm_pressure, rel_humidity, incoming_radiaiton}","AU-TTE","Arid","Grasslands",0.693883135407769,0.417754944460498,0.412503659311348,0.661566096736985
"113","k_nearest_neighbor","{air_temp, atm_pressure, rel_humidity, incoming_radiaiton}","AU-Wac","Temperate","Forest",0.891095638777003,0.328423744421565,-0.72205799337277,1.98473624014452
"114","k_nearest_neighbor","{air_temp, atm_pressure, rel_humidity, incoming_radiaiton}","AU-Wom","Temperate","Forest",0.877764471294571,0.453880013935868,-0.613785751332236,2.45637833203942
"115","k_nearest_neighbor","{air_temp, atm_pressure, rel_humidity, incoming_radiaiton}","BE-Lon","Temperate","Cropland",0.581031312680383,0.719031161652338,0.0664329372153275,1.36324774662484
"116","k_nearest_neighbor","{air_temp, atm_pressure, rel_humidity, incoming_radiaiton}","CA-Qfo","Cold","Forest",0.31199029011584,0.795352970811541,-0.0440236936670746,1.00823975798328
"117","k_nearest_neighbor","{air_temp, atm_pressure, rel_humidity, incoming_radiaiton}","CA-SF3","Cold","Shrubland",0.333547734061367,0.781158537292897,-0.0779733667399365,1.00289121884882
"118","k_nearest_neighbor","{air_temp, atm_pressure, rel_humidity, incoming_radiaiton}","CH-Cha","Temperate","Grasslands",0.760305698547285,0.819594485041456,-0.692393793001891,2.03058468772694
"119","k_nearest_neighbor","{air_temp, atm_pressure, rel_humidity, incoming_radiaiton}","CN-Cng","Cold","Grasslands",0.735027420314387,0.712993708091914,-0.551664760165497,1.86852355816417
"120","k_nearest_neighbor","{air_temp, atm_pressure, rel_humidity, incoming_radiaiton}","DE-Gri","Temperate","Grasslands",0.563050660828009,0.851965048738554,-0.30385582672678,1.67317391319268
"121","k_nearest_neighbor","{air_temp, atm_pressure, rel_humidity, incoming_radiaiton}","ES-Amo","Arid","Shrubland",1.51753349061938,0.0373191914965551,1.47290696513025,0.599181541934393
"122","k_nearest_neighbor","{air_temp, atm_pressure, rel_humidity, incoming_radiaiton}","FI-Hyy","Cold","Forest",0.441582941015643,0.82591962293817,-0.25849500887384,1.39973447504881
"123","k_nearest_neighbor","{air_temp, atm_pressure, rel_humidity, incoming_radiaiton}","FR-Gri","Temperate","Cropland",0.750910535830724,0.645550783386481,-0.562264755485588,1.96235598624734
"124","k_nearest_neighbor","{air_temp, atm_pressure, rel_humidity, incoming_radiaiton}","FR-LBr","Temperate","Forest",0.640812133116159,0.602449229766158,-0.329271687772702,1.91253068374344
"125","k_nearest_neighbor","{air_temp, atm_pressure, rel_humidity, incoming_radiaiton}","IT-CA1","Temperate","Forest",0.762620026822196,0.392842562616621,-0.0432335494192267,2.102900013934
"126","k_nearest_neighbor","{air_temp, atm_pressure, rel_humidity, incoming_radiaiton}","IT-SR2","Temperate","Forest",0.694186714718054,0.697513127629257,0.057673852605972,1.98649337907342
"127","k_nearest_neighbor","{air_temp, atm_pressure, rel_humidity, incoming_radiaiton}","RU-Ha1","Cold","Grasslands",0.428057812024944,0.819982742035017,-0.282459992800765,1.74409289973497
"128","k_nearest_neighbor","{air_temp, atm_pressure, rel_humidity, incoming_radiaiton}","US-ARb","Temperate","Grasslands",0.884908595939479,0.694820675567603,0.175482295904677,1.85875801538339
"129","k_nearest_neighbor","{air_temp, atm_pressure, rel_humidity, incoming_radiaiton}","US-ARc","Temperate","Grasslands",0.980074984747598,0.61256929427398,-0.0685942446889797,2.23411820789745
"130","k_nearest_neighbor","{air_temp, atm_pressure, rel_humidity, incoming_radiaiton}","US-Blo","Temperate","Forest",1.13120082712571,0.5520965738277,-0.92287484722765,2.83608497018655
"131","k_nearest_neighbor","{air_temp, atm_pressure, rel_humidity, incoming_radiaiton}","US-Lin","Arid","Cropland",0.717012764543347,0.206865228952684,-0.107678471495591,1.79534947158349
"132","k_nearest_neighbor","{air_temp, atm_pressure, rel_humidity, incoming_radiaiton}","US-LWW","Temperate","Grasslands",0.887168895752888,0.65926610791218,0.79576110477167,1.29986527309634
"133","k_nearest_neighbor","{air_temp, atm_pressure, rel_humidity, incoming_radiaiton}","US-Oho","Cold","Forest",1.06764804047633,0.651249667205736,-0.563237821698904,1.82958744907314
"134","k_nearest_neighbor","{air_temp, atm_pressure, rel_humidity, incoming_radiaiton}","US-WCr","Cold","Forest",0.722273793842416,0.715713068302765,0.0314748214585022,1.46453035818238
"135","k_nearest_neighbor","{air_temp, atm_pressure, rel_humidity, incoming_radiaiton}","ZM-Mon","Equatorial","Forest",0.605143128221451,0.569957525664419,-0.105585179233711,2.51205219177693
"136","k_nearest_neighbor","{air_temp, atm_pressure, rel_humidity}","AU-ASM","Arid","Savanna",0.911845944209014,0.292376114861375,0.525618879908686,0.977104218366496
"137","k_nearest_neighbor","{air_temp, atm_pressure, rel_humidity}","AU-Lox","Arid","Forest",4.11929403666894,0.0560750413019848,-3.8093477711609,5.66391095670895
"138","k_nearest_neighbor","{air_temp, atm_pressure, rel_humidity}","AU-RDF","Equatorial","Savanna",1.17605066058549,0.383306436597359,0.40025469865137,1.96860317649799
"139","k_nearest_neighbor","{air_temp, atm_pressure, rel_humidity}","AU-TTE","Arid","Grasslands",0.954877075512666,0.138114352098378,0.640382914165532,0.661566096736985
"140","k_nearest_neighbor","{air_temp, atm_pressure, rel_humidity}","AU-Wac","Temperate","Forest",0.810086281462822,0.353125278922507,-0.572986515264148,1.98473624014452
"141","k_nearest_neighbor","{air_temp, atm_pressure, rel_humidity}","AU-Wom","Temperate","Forest",0.992332097725455,0.426945072309652,-0.776311851538891,2.45637833203942
"142","k_nearest_neighbor","{air_temp, atm_pressure, rel_humidity}","BE-Lon","Temperate","Cropland",0.78563476471513,0.490231788679744,0.0634952441803454,1.36324774662484
"143","k_nearest_neighbor","{air_temp, atm_pressure, rel_humidity}","CA-Qfo","Cold","Forest",0.360707535789091,0.719279459667553,-0.0589088943006092,1.00823975798328
"144","k_nearest_neighbor","{air_temp, atm_pressure, rel_humidity}","CA-SF3","Cold","Shrubland",0.398363394364611,0.707919941089326,-0.0115039523747249,1.00289121884882
"145","k_nearest_neighbor","{air_temp, atm_pressure, rel_humidity}","CH-Cha","Temperate","Grasslands",1.01221617428797,0.770660648786548,-0.963796708722497,2.03058468772694
"146","k_nearest_neighbor","{air_temp, atm_pressure, rel_humidity}","CN-Cng","Cold","Grasslands",0.904827096479633,0.507724487815803,-0.454132448213364,1.86852355816417
"147","k_nearest_neighbor","{air_temp, atm_pressure, rel_humidity}","DE-Gri","Temperate","Grasslands",0.762569945749907,0.708129899239095,-0.30772684341568,1.67317391319268
"148","k_nearest_neighbor","{air_temp, atm_pressure, rel_humidity}","ES-Amo","Arid","Shrubland",1.61025192930722,0.0729499254957344,1.59529524860307,0.599181541934393
"149","k_nearest_neighbor","{air_temp, atm_pressure, rel_humidity}","FI-Hyy","Cold","Forest",0.602553369576307,0.649108230325288,-0.280881453193993,1.39973447504881
"150","k_nearest_neighbor","{air_temp, atm_pressure, rel_humidity}","FR-Gri","Temperate","Cropland",0.885843444569225,0.322344487020488,-0.509404533469513,1.96235598624734
"151","k_nearest_neighbor","{air_temp, atm_pressure, rel_humidity}","FR-LBr","Temperate","Forest",0.774155079398805,0.380293665865652,-0.290660232062652,1.91253068374344
"152","k_nearest_neighbor","{air_temp, atm_pressure, rel_humidity}","IT-CA1","Temperate","Forest",0.96403673122071,0.144598756524843,-0.0738523051682897,2.102900013934
"153","k_nearest_neighbor","{air_temp, atm_pressure, rel_humidity}","IT-SR2","Temperate","Forest",0.923615210051503,0.543476347516812,-0.0767594328987975,1.98649337907342
"154","k_nearest_neighbor","{air_temp, atm_pressure, rel_humidity}","RU-Ha1","Cold","Grasslands",0.50469446728757,0.738545332552231,-0.0611377894822928,1.74409289973497
"155","k_nearest_neighbor","{air_temp, atm_pressure, rel_humidity}","US-ARb","Temperate","Grasslands",1.27972370787054,0.368656514735986,0.251715386316531,1.85875801538339
"156","k_nearest_neighbor","{air_temp, atm_pressure, rel_humidity}","US-ARc","Temperate","Grasslands",1.26913082531091,0.378127354232329,-0.0884167607646764,2.23411820789745
"157","k_nearest_neighbor","{air_temp, atm_pressure, rel_humidity}","US-Blo","Temperate","Forest",1.38908938635221,0.361916518689117,-1.09041417536679,2.83608497018655
"158","k_nearest_neighbor","{air_temp, atm_pressure, rel_humidity}","US-Lin","Arid","Cropland",0.828853005571614,0.0515937902676836,-0.198963301667259,1.79534947158349
"159","k_nearest_neighbor","{air_temp, atm_pressure, rel_humidity}","US-LWW","Temperate","Grasslands",0.891630416023305,0.439512913507988,0.737377380052006,1.29986527309634
"160","k_nearest_neighbor","{air_temp, atm_pressure, rel_humidity}","US-Oho","Cold","Forest",1.07394716752874,0.652422762055717,-0.532250445119338,1.82958744907314
"161","k_nearest_neighbor","{air_temp, atm_pressure, rel_humidity}","US-WCr","Cold","Forest",0.822729199945252,0.624349863994079,-0.195725396640301,1.46453035818238
"162","k_nearest_neighbor","{air_temp, atm_pressure, rel_humidity}","ZM-Mon","Equatorial","Forest",0.785368512143989,0.325544713526917,-0.0303118133607701,2.51205219177693
"163","LightGBM","{air_temp, atm_pressure, rel_humidity, soil_moisture, incoming_radiaiton}","AU-ASM","Arid","Savanna",0.450303508653339,0.685953593079255,-0.211306982463578,0.977104218366496
"164","LightGBM","{air_temp, atm_pressure, rel_humidity, soil_moisture, incoming_radiaiton}","AU-Lox","Arid","Forest",3.54969878666413,0.564378662691351,-3.40675358795696,5.66391095670895
"165","LightGBM","{air_temp, atm_pressure, rel_humidity, soil_moisture, incoming_radiaiton}","AU-RDF","Equatorial","Savanna",0.947299733157324,0.442231405238743,-0.403389772801643,1.96860317649799
"166","LightGBM","{air_temp, atm_pressure, rel_humidity, soil_moisture, incoming_radiaiton}","AU-TTE","Arid","Grasslands",0.451467841141945,0.454363133264049,-0.358303932721368,0.661566096736985
"167","LightGBM","{air_temp, atm_pressure, rel_humidity, soil_moisture, incoming_radiaiton}","AU-Wac","Temperate","Forest",0.774791866258699,0.435727472609458,-0.556158575242339,1.98473624014452
"168","LightGBM","{air_temp, atm_pressure, rel_humidity, soil_moisture, incoming_radiaiton}","AU-Wom","Temperate","Forest",0.722347383995672,0.635363843545346,-0.428926170406886,2.45637833203942
"169","LightGBM","{air_temp, atm_pressure, rel_humidity, soil_moisture, incoming_radiaiton}","BE-Lon","Temperate","Cropland",0.546131987336535,0.761171112959115,0.133081009434583,1.36324774662484
"170","LightGBM","{air_temp, atm_pressure, rel_humidity, soil_moisture, incoming_radiaiton}","CA-Qfo","Cold","Forest",0.306446652761443,0.816811906110072,-0.0215855408631378,1.00823975798328
"171","LightGBM","{air_temp, atm_pressure, rel_humidity, soil_moisture, incoming_radiaiton}","CA-SF3","Cold","Shrubland",0.368775265556553,0.765536642740471,-0.0114890049492927,1.00289121884882
"172","LightGBM","{air_temp, atm_pressure, rel_humidity, soil_moisture, incoming_radiaiton}","CH-Cha","Temperate","Grasslands",0.755558850481316,0.836158352645565,-0.693574233297803,2.03058468772694
"173","LightGBM","{air_temp, atm_pressure, rel_humidity, soil_moisture, incoming_radiaiton}","CN-Cng","Cold","Grasslands",0.60184667181225,0.739875040903132,-0.185001004490772,1.86852355816417
"174","LightGBM","{air_temp, atm_pressure, rel_humidity, soil_moisture, incoming_radiaiton}","DE-Gri","Temperate","Grasslands",0.455091934234046,0.929884444625566,-0.197581380878058,1.67317391319268
"175","LightGBM","{air_temp, atm_pressure, rel_humidity, soil_moisture, incoming_radiaiton}","ES-Amo","Arid","Shrubland",1.59101578281182,0.0207955415736441,1.57287472104992,0.599181541934393
"176","LightGBM","{air_temp, atm_pressure, rel_humidity, soil_moisture, incoming_radiaiton}","FI-Hyy","Cold","Forest",0.380392866350733,0.863508792665559,-0.127647839878934,1.39973447504881
"177","LightGBM","{air_temp, atm_pressure, rel_humidity, soil_moisture, incoming_radiaiton}","FR-Gri","Temperate","Cropland",0.712808838502089,0.634765616600459,-0.415924066347418,1.96235598624734
"178","LightGBM","{air_temp, atm_pressure, rel_humidity, soil_moisture, incoming_radiaiton}","FR-LBr","Temperate","Forest",0.581542235892446,0.641796118152364,-0.168121758839421,1.91253068374344
"179","LightGBM","{air_temp, atm_pressure, rel_humidity, soil_moisture, incoming_radiaiton}","IT-CA1","Temperate","Forest",0.813994755697433,0.50132632001947,0.509808309434728,2.102900013934
"180","LightGBM","{air_temp, atm_pressure, rel_humidity, soil_moisture, incoming_radiaiton}","IT-SR2","Temperate","Forest",0.725047430007981,0.667317452271322,-0.155768348728694,1.98649337907342
"181","LightGBM","{air_temp, atm_pressure, rel_humidity, soil_moisture, incoming_radiaiton}","RU-Ha1","Cold","Grasslands",0.33607528916369,0.88469050831617,-0.0848879743807871,1.74409289973497
"182","LightGBM","{air_temp, atm_pressure, rel_humidity, soil_moisture, incoming_radiaiton}","US-ARb","Temperate","Grasslands",0.955978221627716,0.706624091810398,0.418873338371753,1.85875801538339
"183","LightGBM","{air_temp, atm_pressure, rel_humidity, soil_moisture, incoming_radiaiton}","US-ARc","Temperate","Grasslands",0.998009292855931,0.643441457413785,0.0880006118970308,2.23411820789745
"184","LightGBM","{air_temp, atm_pressure, rel_humidity, soil_moisture, incoming_radiaiton}","US-Blo","Temperate","Forest",0.819867331877994,0.704398274800202,-0.561164548454435,2.83608497018655
"185","LightGBM","{air_temp, atm_pressure, rel_humidity, soil_moisture, incoming_radiaiton}","US-Lin","Arid","Cropland",0.614827541541687,0.585670607502603,0.48014489748545,1.79534947158349
"186","LightGBM","{air_temp, atm_pressure, rel_humidity, soil_moisture, incoming_radiaiton}","US-LWW","Temperate","Grasslands",0.897225045530989,0.657505190677745,0.843982542132734,1.29986527309634
"187","LightGBM","{air_temp, atm_pressure, rel_humidity, soil_moisture, incoming_radiaiton}","US-Oho","Cold","Forest",1.04884626269648,0.646209122287616,-0.472411495217906,1.82958744907314
"188","LightGBM","{air_temp, atm_pressure, rel_humidity, soil_moisture, incoming_radiaiton}","US-WCr","Cold","Forest",0.660804430071435,0.76365128501242,0.0952059438219338,1.46453035818238
"189","LightGBM","{air_temp, atm_pressure, rel_humidity, soil_moisture, incoming_radiaiton}","ZM-Mon","Equatorial","Forest",0.866366389312842,0.570459595804125,-0.728284470517116,2.51205219177693
"190","LightGBM","{air_temp, atm_pressure, rel_humidity, incoming_radiaiton}","AU-ASM","Arid","Savanna",0.70740127939647,0.574352611597628,0.413349328686728,0.977104218366496
"191","LightGBM","{air_temp, atm_pressure, rel_humidity, incoming_radiaiton}","AU-Lox","Arid","Forest",3.69276657717935,0.251137648559481,-3.57963596597822,5.66391095670895
"192","LightGBM","{air_temp, atm_pressure, rel_humidity, incoming_radiaiton}","AU-RDF","Equatorial","Savanna",0.949035146581074,0.550168076496819,0.205896156059986,1.96860317649799
"193","LightGBM","{air_temp, atm_pressure, rel_humidity, incoming_radiaiton}","AU-TTE","Arid","Grasslands",0.688603468961555,0.401005176781922,0.410408285851847,0.661566096736985
"194","LightGBM","{air_temp, atm_pressure, rel_humidity, incoming_radiaiton}","AU-Wac","Temperate","Forest",0.823632185669697,0.353346008183316,-0.645843936088812,1.98473624014452
"195","LightGBM","{air_temp, atm_pressure, rel_humidity, incoming_radiaiton}","AU-Wom","Temperate","Forest",0.79163823212968,0.530370600714717,-0.488572450191642,2.45637833203942
"196","LightGBM","{air_temp, atm_pressure, rel_humidity, incoming_radiaiton}","BE-Lon","Temperate","Cropland",0.582205124629751,0.740416902123036,0.0448344518878656,1.36324774662484
"197","LightGBM","{air_temp, atm_pressure, rel_humidity, incoming_radiaiton}","CA-Qfo","Cold","Forest",0.3058475629408,0.817060439307675,-0.00476317044414892,1.00823975798328
"198","LightGBM","{air_temp, atm_pressure, rel_humidity, incoming_radiaiton}","CA-SF3","Cold","Shrubland",0.345800302288883,0.789357589095826,-0.0201813969650609,1.00289121884882
"199","LightGBM","{air_temp, atm_pressure, rel_humidity, incoming_radiaiton}","CH-Cha","Temperate","Grasslands",0.746206083792734,0.837982640276715,-0.680094331720064,2.03058468772694
"200","LightGBM","{air_temp, atm_pressure, rel_humidity, incoming_radiaiton}","CN-Cng","Cold","Grasslands",0.779964666029089,0.718200250061509,-0.613290551201755,1.86852355816417
"201","LightGBM","{air_temp, atm_pressure, rel_humidity, incoming_radiaiton}","DE-Gri","Temperate","Grasslands",0.529932651695733,0.901673746681608,-0.255142929843956,1.67317391319268
"202","LightGBM","{air_temp, atm_pressure, rel_humidity, incoming_radiaiton}","ES-Amo","Arid","Shrubland",1.62690132554025,0.0389006261153436,1.59894569020808,0.599181541934393
"203","LightGBM","{air_temp, atm_pressure, rel_humidity, incoming_radiaiton}","FI-Hyy","Cold","Forest",0.455956399508405,0.837673430447846,-0.243471671776088,1.39973447504881
"204","LightGBM","{air_temp, atm_pressure, rel_humidity, incoming_radiaiton}","FR-Gri","Temperate","Cropland",0.760110873917324,0.637044923097637,-0.546411100640341,1.96235598624734
"205","LightGBM","{air_temp, atm_pressure, rel_humidity, incoming_radiaiton}","FR-LBr","Temperate","Forest",0.631904832388938,0.617844029778503,-0.309951728489867,1.91253068374344
"206","LightGBM","{air_temp, atm_pressure, rel_humidity, incoming_radiaiton}","IT-CA1","Temperate","Forest",0.770543714464994,0.363445522409501,-0.143279571492116,2.102900013934
"207","LightGBM","{air_temp, atm_pressure, rel_humidity, incoming_radiaiton}","IT-SR2","Temperate","Forest",0.7371825440092,0.721295250178573,-0.107242872306405,1.98649337907342
"208","LightGBM","{air_temp, atm_pressure, rel_humidity, incoming_radiaiton}","RU-Ha1","Cold","Grasslands",0.375269601717963,0.865744590206866,-0.180420955904956,1.74409289973497
"209","LightGBM","{air_temp, atm_pressure, rel_humidity, incoming_radiaiton}","US-ARb","Temperate","Grasslands",0.900839588345074,0.712377412680263,0.292258598672475,1.85875801538339
"210","LightGBM","{air_temp, atm_pressure, rel_humidity, incoming_radiaiton}","US-ARc","Temperate","Grasslands",0.946886811064858,0.66493638990105,0.0538311723913618,2.23411820789745
"211","LightGBM","{air_temp, atm_pressure, rel_humidity, incoming_radiaiton}","US-Blo","Temperate","Forest",1.08779966832077,0.554996845508121,-0.868942544872815,2.83608497018655
"212","LightGBM","{air_temp, atm_pressure, rel_humidity, incoming_radiaiton}","US-Lin","Arid","Cropland",0.738468111518537,0.207270900471467,-0.0885047266771826,1.79534947158349
"213","LightGBM","{air_temp, atm_pressure, rel_humidity, incoming_radiaiton}","US-LWW","Temperate","Grasslands",0.892785266384542,0.685553784258822,0.831523983375811,1.29986527309634
"214","LightGBM","{air_temp, atm_pressure, rel_humidity, incoming_radiaiton}","US-Oho","Cold","Forest",1.07943878183112,0.656704659923197,-0.62920203681577,1.82958744907314
"215","LightGBM","{air_temp, atm_pressure, rel_humidity, incoming_radiaiton}","US-WCr","Cold","Forest",0.669792903606262,0.770055671400577,0.0990926567276831,1.46453035818238
"216","LightGBM","{air_temp, atm_pressure, rel_humidity, incoming_radiaiton}","ZM-Mon","Equatorial","Forest",0.617979832267917,0.577756166888085,-0.234900278735897,2.51205219177693
"217","LightGBM","{air_temp, atm_pressure, rel_humidity}","AU-ASM","Arid","Savanna",0.88763822651195,0.409305832833914,0.555916727539905,0.977104218366496
"218","LightGBM","{air_temp, atm_pressure, rel_humidity}","AU-Lox","Arid","Forest",4.0239408858269,0.011482792122674,-3.71604073092599,5.66391095670895
"219","LightGBM","{air_temp, atm_pressure, rel_humidity}","AU-RDF","Equatorial","Savanna",1.19018737733817,0.400546024624312,0.461844708620303,1.96860317649799
"220","LightGBM","{air_temp, atm_pressure, rel_humidity}","AU-TTE","Arid","Grasslands",0.958539698160759,0.24707078402611,0.697856861214496,0.661566096736985
"221","LightGBM","{air_temp, atm_pressure, rel_humidity}","AU-Wac","Temperate","Forest",0.82497268719677,0.328565806461835,-0.628111082935129,1.98473624014452
"222","LightGBM","{air_temp, atm_pressure, rel_humidity}","AU-Wom","Temperate","Forest",1.04153399938307,0.359505097505585,-0.829010511997982,2.45637833203942
"223","LightGBM","{air_temp, atm_pressure, rel_humidity}","BE-Lon","Temperate","Cropland",0.819715211691823,0.487845497951296,0.0886799446460779,1.36324774662484
"224","LightGBM","{air_temp, atm_pressure, rel_humidity}","CA-Qfo","Cold","Forest",0.425031994597263,0.687338998584697,0.0275942958959201,1.00823975798328
"225","LightGBM","{air_temp, atm_pressure, rel_humidity}","CA-SF3","Cold","Shrubland",0.488842282150938,0.671835513695125,0.0390360414898972,1.00289121884882
"226","LightGBM","{air_temp, atm_pressure, rel_humidity}","CH-Cha","Temperate","Grasslands",0.952885540479402,0.696054223293227,-0.829879897051379,2.03058468772694
"227","LightGBM","{air_temp, atm_pressure, rel_humidity}","CN-Cng","Cold","Grasslands",0.89424816610597,0.549787168273711,-0.496894883140596,1.86852355816417
"228","LightGBM","{air_temp, atm_pressure, rel_humidity}","DE-Gri","Temperate","Grasslands",0.833857224982859,0.677973023490807,-0.269653187376248,1.67317391319268
"229","LightGBM","{air_temp, atm_pressure, rel_humidity}","ES-Amo","Arid","Shrubland",1.6514089887177,0.0897654809625486,1.63917870778956,0.599181541934393
"230","LightGBM","{air_temp, atm_pressure, rel_humidity}","FI-Hyy","Cold","Forest",0.621035473812731,0.668574208459987,-0.214811691501397,1.39973447504881
"231","LightGBM","{air_temp, atm_pressure, rel_humidity}","FR-Gri","Temperate","Cropland",0.876900983556676,0.340554463340234,-0.466761895466156,1.96235598624734
"232","LightGBM","{air_temp, atm_pressure, rel_humidity}","FR-LBr","Temperate","Forest",0.771165227508387,0.394841380637228,-0.273579720894328,1.91253068374344
"233","LightGBM","{air_temp, atm_pressure, rel_humidity}","IT-CA1","Temperate","Forest",0.917496283404768,0.232622048573808,-0.119846113392407,2.102900013934
"234","LightGBM","{air_temp, atm_pressure, rel_humidity}","IT-SR2","Temperate","Forest",0.928079258542518,0.566118408606959,-0.0172669497545538,1.98649337907342
"235","LightGBM","{air_temp, atm_pressure, rel_humidity}","RU-Ha1","Cold","Grasslands",0.574895938724901,0.687843618514962,-0.0804736701972155,1.74409289973497
"236","LightGBM","{air_temp, atm_pressure, rel_humidity}","US-ARb","Temperate","Grasslands",1.14053367536295,0.526554709869622,0.269618558236681,1.85875801538339
"237","LightGBM","{air_temp, atm_pressure, rel_humidity}","US-ARc","Temperate","Grasslands",1.11796081902557,0.5363028126012,-0.0553213121621095,2.23411820789745
"238","LightGBM","{air_temp, atm_pressure, rel_humidity}","US-Blo","Temperate","Forest",1.43628099493845,0.242243546390995,-1.17267391610711,2.83608497018655
"239","LightGBM","{air_temp, atm_pressure, rel_humidity}","US-Lin","Arid","Cropland",0.789348571350836,0.125086191704033,-0.092652874398267,1.79534947158349
"240","LightGBM","{air_temp, atm_pressure, rel_humidity}","US-LWW","Temperate","Grasslands",0.964998478240286,0.435346875313145,0.834140070532073,1.29986527309634
"241","LightGBM","{air_temp, atm_pressure, rel_humidity}","US-Oho","Cold","Forest",1.09831329160482,0.654655308713685,-0.551389659951621,1.82958744907314
"242","LightGBM","{air_temp, atm_pressure, rel_humidity}","US-WCr","Cold","Forest",0.856241639023065,0.628278080788533,-0.0840717405713577,1.46453035818238
"243","LightGBM","{air_temp, atm_pressure, rel_humidity}","ZM-Mon","Equatorial","Forest",0.756101380691483,0.370460755835662,-0.128281840133628,2.51205219177693
"244","random_forest","{air_temp, atm_pressure, rel_humidity, soil_moisture, incoming_radiaiton}","AU-ASM","Arid","Savanna",0.510072928795699,0.704905930899861,0.0618624086539537,0.977104218366496
"245","random_forest","{air_temp, atm_pressure, rel_humidity, soil_moisture, incoming_radiaiton}","AU-Lox","Arid","Forest",3.62736837096333,0.53411638316683,-3.51235791408689,5.66391095670895
"246","random_forest","{air_temp, atm_pressure, rel_humidity, soil_moisture, incoming_radiaiton}","AU-RDF","Equatorial","Savanna",0.978907944399775,0.400881492478219,-0.153445634611134,1.96860317649799
"247","random_forest","{air_temp, atm_pressure, rel_humidity, soil_moisture, incoming_radiaiton}","AU-TTE","Arid","Grasslands",0.46002081757098,0.524143715195695,0.0401751558046232,0.661566096736985
"248","random_forest","{air_temp, atm_pressure, rel_humidity, soil_moisture, incoming_radiaiton}","AU-Wac","Temperate","Forest",0.799325143214384,0.435329239152387,-0.581746253050611,1.98473624014452
"249","random_forest","{air_temp, atm_pressure, rel_humidity, soil_moisture, incoming_radiaiton}","AU-Wom","Temperate","Forest",0.730450490649159,0.629927626825766,-0.460045544262107,2.45637833203942
"250","random_forest","{air_temp, atm_pressure, rel_humidity, soil_moisture, incoming_radiaiton}","BE-Lon","Temperate","Cropland",0.531435820937206,0.765663303237415,0.12502317501414,1.36324774662484
"251","random_forest","{air_temp, atm_pressure, rel_humidity, soil_moisture, incoming_radiaiton}","CA-Qfo","Cold","Forest",0.29096610927113,0.827057454180702,0.00501543740188821,1.00823975798328
"252","random_forest","{air_temp, atm_pressure, rel_humidity, soil_moisture, incoming_radiaiton}","CA-SF3","Cold","Shrubland",0.328287902980111,0.791499262927131,-0.0156906454361564,1.00289121884882
"253","random_forest","{air_temp, atm_pressure, rel_humidity, soil_moisture, incoming_radiaiton}","CH-Cha","Temperate","Grasslands",0.750194075205594,0.838909149153368,-0.691180799326308,2.03058468772694
"254","random_forest","{air_temp, atm_pressure, rel_humidity, soil_moisture, incoming_radiaiton}","CN-Cng","Cold","Grasslands",0.607750319988677,0.73602067650246,-0.19829753848235,1.86852355816417
"255","random_forest","{air_temp, atm_pressure, rel_humidity, soil_moisture, incoming_radiaiton}","DE-Gri","Temperate","Grasslands",0.44444470560521,0.926347895811777,-0.208517339908113,1.67317391319268
"256","random_forest","{air_temp, atm_pressure, rel_humidity, soil_moisture, incoming_radiaiton}","ES-Amo","Arid","Shrubland",1.57203661042814,0.0202809098943724,1.55021792714035,0.599181541934393
"257","random_forest","{air_temp, atm_pressure, rel_humidity, soil_moisture, incoming_radiaiton}","FI-Hyy","Cold","Forest",0.370708907979825,0.865584881832893,-0.127997229612929,1.39973447504881
"258","random_forest","{air_temp, atm_pressure, rel_humidity, soil_moisture, incoming_radiaiton}","FR-Gri","Temperate","Cropland",0.701308074419582,0.648885747020732,-0.421676659066492,1.96235598624734
"259","random_forest","{air_temp, atm_pressure, rel_humidity, soil_moisture, incoming_radiaiton}","FR-LBr","Temperate","Forest",0.571192824578947,0.653912842806579,-0.171237666031764,1.91253068374344
"260","random_forest","{air_temp, atm_pressure, rel_humidity, soil_moisture, incoming_radiaiton}","IT-CA1","Temperate","Forest",0.77192402890831,0.538906701974577,0.471715812792103,2.102900013934
"261","random_forest","{air_temp, atm_pressure, rel_humidity, soil_moisture, incoming_radiaiton}","IT-SR2","Temperate","Forest",0.729127355123424,0.662565583505094,-0.10581732855673,1.98649337907342
"262","random_forest","{air_temp, atm_pressure, rel_humidity, soil_moisture, incoming_radiaiton}","RU-Ha1","Cold","Grasslands",0.339648029663856,0.881087053139052,-0.109969043571992,1.74409289973497
"263","random_forest","{air_temp, atm_pressure, rel_humidity, soil_moisture, incoming_radiaiton}","US-ARb","Temperate","Grasslands",0.966079107717555,0.689127757904363,0.371297302397816,1.85875801538339
"264","random_forest","{air_temp, atm_pressure, rel_humidity, soil_moisture, incoming_radiaiton}","US-ARc","Temperate","Grasslands",1.03471878172282,0.610915874927332,0.088776256952859,2.23411820789745
"265","random_forest","{air_temp, atm_pressure, rel_humidity, soil_moisture, incoming_radiaiton}","US-Blo","Temperate","Forest",0.824124722915923,0.722605217758585,-0.583476166577745,2.83608497018655
"266","random_forest","{air_temp, atm_pressure, rel_humidity, soil_moisture, incoming_radiaiton}","US-Lin","Arid","Cropland",0.595834955010287,0.581515929965881,0.43660559789211,1.79534947158349
"267","random_forest","{air_temp, atm_pressure, rel_humidity, soil_moisture, incoming_radiaiton}","US-LWW","Temperate","Grasslands",0.909321874770849,0.658196946440481,0.848146617911124,1.29986527309634
"268","random_forest","{air_temp, atm_pressure, rel_humidity, soil_moisture, incoming_radiaiton}","US-Oho","Cold","Forest",1.05592266523437,0.634537492029737,-0.462126711443352,1.82958744907314
"269","random_forest","{air_temp, atm_pressure, rel_humidity, soil_moisture, incoming_radiaiton}","US-WCr","Cold","Forest",0.673462291601432,0.760319872522794,0.116277581063369,1.46453035818238
"270","random_forest","{air_temp, atm_pressure, rel_humidity, soil_moisture, incoming_radiaiton}","ZM-Mon","Equatorial","Forest",0.951021192779231,0.508915441907506,-0.839984811958976,2.51205219177693
"271","random_forest","{air_temp, atm_pressure, rel_humidity, incoming_radiaiton}","AU-ASM","Arid","Savanna",0.711559745254311,0.581911368130622,0.407767850441169,0.977104218366496
"272","random_forest","{air_temp, atm_pressure, rel_humidity, incoming_radiaiton}","AU-Lox","Arid","Forest",3.72604446957657,0.260935782668743,-3.62796894323896,5.66391095670895
"273","random_forest","{air_temp, atm_pressure, rel_humidity, incoming_radiaiton}","AU-RDF","Equatorial","Savanna",0.998554493065095,0.541049673582616,0.263032949324756,1.96860317649799
"274","random_forest","{air_temp, atm_pressure, rel_humidity, incoming_radiaiton}","AU-TTE","Arid","Grasslands",0.70574525197052,0.419123943658592,0.440146967039465,0.661566096736985
"275","random_forest","{air_temp, atm_pressure, rel_humidity, incoming_radiaiton}","AU-Wac","Temperate","Forest",0.869213277011102,0.331244381174443,-0.658171026631309,1.98473624014452
"276","random_forest","{air_temp, atm_pressure, rel_humidity, incoming_radiaiton}","AU-Wom","Temperate","Forest",0.793822111078758,0.51998254066261,-0.467819611335776,2.45637833203942
"277","random_forest","{air_temp, atm_pressure, rel_humidity, incoming_radiaiton}","BE-Lon","Temperate","Cropland",0.574488938209255,0.739492462818923,0.0848239831165814,1.36324774662484
"278","random_forest","{air_temp, atm_pressure, rel_humidity, incoming_radiaiton}","CA-Qfo","Cold","Forest",0.296116082791858,0.819020701402086,-0.021412845651962,1.00823975798328
"279","random_forest","{air_temp, atm_pressure, rel_humidity, incoming_radiaiton}","CA-SF3","Cold","Shrubland",0.317617086866086,0.802377588268598,-0.0508415890194576,1.00289121884882
"280","random_forest","{air_temp, atm_pressure, rel_humidity, incoming_radiaiton}","CH-Cha","Temperate","Grasslands",0.726926763050759,0.834121464118636,-0.660861234291688,2.03058468772694
"281","random_forest","{air_temp, atm_pressure, rel_humidity, incoming_radiaiton}","CN-Cng","Cold","Grasslands",0.769490522319904,0.710286926175249,-0.5840051007069,1.86852355816417
"282","random_forest","{air_temp, atm_pressure, rel_humidity, incoming_radiaiton}","DE-Gri","Temperate","Grasslands",0.514772843681099,0.895415760345331,-0.259283255782079,1.67317391319268
"283","random_forest","{air_temp, atm_pressure, rel_humidity, incoming_radiaiton}","ES-Amo","Arid","Shrubland",1.61296825178522,0.0344319911003472,1.57422550516228,0.599181541934393
"284","random_forest","{air_temp, atm_pressure, rel_humidity, incoming_radiaiton}","FI-Hyy","Cold","Forest",0.430040087496056,0.824286614822875,-0.228999893937671,1.39973447504881
"285","random_forest","{air_temp, atm_pressure, rel_humidity, incoming_radiaiton}","FR-Gri","Temperate","Cropland",0.733627409702441,0.653559608134936,-0.525477545960042,1.96235598624734
"286","random_forest","{air_temp, atm_pressure, rel_humidity, incoming_radiaiton}","FR-LBr","Temperate","Forest",0.615131918830133,0.625888232698411,-0.289093651236005,1.91253068374344
"287","random_forest","{air_temp, atm_pressure, rel_humidity, incoming_radiaiton}","IT-CA1","Temperate","Forest",0.782322928440846,0.348587816989703,-0.134449094452997,2.102900013934
"288","random_forest","{air_temp, atm_pressure, rel_humidity, incoming_radiaiton}","IT-SR2","Temperate","Forest",0.782916790394322,0.670992538505712,-0.156746312534898,1.98649337907342
"289","random_forest","{air_temp, atm_pressure, rel_humidity, incoming_radiaiton}","RU-Ha1","Cold","Grasslands",0.369974955279204,0.866789181348423,-0.208860384095089,1.74409289973497
"290","random_forest","{air_temp, atm_pressure, rel_humidity, incoming_radiaiton}","US-ARb","Temperate","Grasslands",0.916300593060509,0.694489801695541,0.21390281287397,1.85875801538339
"291","random_forest","{air_temp, atm_pressure, rel_humidity, incoming_radiaiton}","US-ARc","Temperate","Grasslands",0.983395729134064,0.640805973071254,0.00683891752108127,2.23411820789745
"292","random_forest","{air_temp, atm_pressure, rel_humidity, incoming_radiaiton}","US-Blo","Temperate","Forest",1.07825307335118,0.571743580573646,-0.849444485446789,2.83608497018655
"293","random_forest","{air_temp, atm_pressure, rel_humidity, incoming_radiaiton}","US-Lin","Arid","Cropland",0.746536593713008,0.189006419856414,-0.100095250556764,1.79534947158349
"294","random_forest","{air_temp, atm_pressure, rel_humidity, incoming_radiaiton}","US-LWW","Temperate","Grasslands",0.82779143364217,0.678232429193964,0.761539657719738,1.29986527309634
"295","random_forest","{air_temp, atm_pressure, rel_humidity, incoming_radiaiton}","US-Oho","Cold","Forest",1.0905701456591,0.633411234036345,-0.590027650430348,1.82958744907314
"296","random_forest","{air_temp, atm_pressure, rel_humidity, incoming_radiaiton}","US-WCr","Cold","Forest",0.677369034245697,0.753687733110477,0.0935463556876992,1.46453035818238
"297","random_forest","{air_temp, atm_pressure, rel_humidity, incoming_radiaiton}","ZM-Mon","Equatorial","Forest",0.610345326822537,0.588413394988242,-0.23883658407831,2.51205219177693
"298","random_forest","{air_temp, atm_pressure, rel_humidity}","AU-ASM","Arid","Savanna",0.880181829164074,0.366765462251698,0.540068822292076,0.977104218366496
"299","random_forest","{air_temp, atm_pressure, rel_humidity}","AU-Lox","Arid","Forest",3.91873994437847,0.00215942716465968,-3.59386929666054,5.66391095670895
"300","random_forest","{air_temp, atm_pressure, rel_humidity}","AU-RDF","Equatorial","Savanna",1.16598773294158,0.373280791748306,0.326545285839055,1.96860317649799
"301","random_forest","{air_temp, atm_pressure, rel_humidity}","AU-TTE","Arid","Grasslands",0.93905809744568,0.199743931750872,0.662065563593593,0.661566096736985
"302","random_forest","{air_temp, atm_pressure, rel_humidity}","AU-Wac","Temperate","Forest",0.799825772095249,0.340180541231927,-0.517098286640542,1.98473624014452
"303","random_forest","{air_temp, atm_pressure, rel_humidity}","AU-Wom","Temperate","Forest",0.968559903881826,0.394190023115878,-0.695123834625267,2.45637833203942
"304","random_forest","{air_temp, atm_pressure, rel_humidity}","BE-Lon","Temperate","Cropland",0.786488961242352,0.496721100850238,0.0694180784073193,1.36324774662484
"305","random_forest","{air_temp, atm_pressure, rel_humidity}","CA-Qfo","Cold","Forest",0.357772408963936,0.732153146303737,-0.0486528811471988,1.00823975798328
"306","random_forest","{air_temp, atm_pressure, rel_humidity}","CA-SF3","Cold","Shrubland",0.403168314636652,0.704732152692167,-0.0101818131173964,1.00289121884882
"307","random_forest","{air_temp, atm_pressure, rel_humidity}","CH-Cha","Temperate","Grasslands",0.99536787222703,0.749937186881824,-0.935073780078711,2.03058468772694
"308","random_forest","{air_temp, atm_pressure, rel_humidity}","CN-Cng","Cold","Grasslands",0.87711097132314,0.545447169364608,-0.473109222090221,1.86852355816417
"309","random_forest","{air_temp, atm_pressure, rel_humidity}","DE-Gri","Temperate","Grasslands",0.757324555438105,0.740549459960949,-0.28954540236887,1.67317391319268
"310","random_forest","{air_temp, atm_pressure, rel_humidity}","ES-Amo","Arid","Shrubland",1.71624098772587,0.0875435684773534,1.70206885251982,0.599181541934393
"311","random_forest","{air_temp, atm_pressure, rel_humidity}","FI-Hyy","Cold","Forest",0.587702498103958,0.675971213829326,-0.259161765108395,1.39973447504881
"312","random_forest","{air_temp, atm_pressure, rel_humidity}","FR-Gri","Temperate","Cropland",0.883986998474323,0.325784710732101,-0.482360225759182,1.96235598624734
"313","random_forest","{air_temp, atm_pressure, rel_humidity}","FR-LBr","Temperate","Forest",0.764609645614054,0.396594798415732,-0.264527108026751,1.91253068374344
"314","random_forest","{air_temp, atm_pressure, rel_humidity}","IT-CA1","Temperate","Forest",0.961191337944246,0.140300902637392,-0.0800682098509424,2.102900013934
"315","random_forest","{air_temp, atm_pressure, rel_humidity}","IT-SR2","Temperate","Forest",0.945813522234816,0.52949548237483,-0.103528369522714,1.98649337907342
"316","random_forest","{air_temp, atm_pressure, rel_humidity}","RU-Ha1","Cold","Grasslands",0.508362251817145,0.736700253349622,-0.0668998804116059,1.74409289973497
"317","random_forest","{air_temp, atm_pressure, rel_humidity}","US-ARb","Temperate","Grasslands",1.23764548398823,0.4172257205281,0.278977118834337,1.85875801538339
"318","random_forest","{air_temp, atm_pressure, rel_humidity}","US-ARc","Temperate","Grasslands",1.21196797492315,0.440647949259093,-0.0596846444302407,2.23411820789745
"319","random_forest","{air_temp, atm_pressure, rel_humidity}","US-Blo","Temperate","Forest",1.39180539317908,0.294901465940776,-1.0561839306861,2.83608497018655
"320","random_forest","{air_temp, atm_pressure, rel_humidity}","US-Lin","Arid","Cropland",0.799717758457272,0.108345002685096,-0.15999716195614,1.79534947158349
"321","random_forest","{air_temp, atm_pressure, rel_humidity}","US-LWW","Temperate","Grasslands",0.916173906461857,0.446302318515456,0.774065444549651,1.29986527309634
"322","random_forest","{air_temp, atm_pressure, rel_humidity}","US-Oho","Cold","Forest",1.08963650295537,0.624567994615576,-0.541886662277433,1.82958744907314
"323","random_forest","{air_temp, atm_pressure, rel_humidity}","US-WCr","Cold","Forest",0.809251115504552,0.621541741406923,-0.164197852899857,1.46453035818238
"324","random_forest","{air_temp, atm_pressure, rel_humidity}","ZM-Mon","Equatorial","Forest",0.800891275477422,0.316735592692792,-0.20356568323951,2.51205219177693
